Project ID,Project Name,Repository,Research Area,Research Question,Current Phase,Existing Evidence,Missing Evidence,Compute Requirement,Scientific Risk,Dependencies,Current Status,Final Disposition,Paper Status,Code Status,Verification Status,Release Status
P001,APEN Burgers,build-the-future-11/APEN,Scientific ML / operator learning,Does episodic residual correction improve a frozen base under fair controls?,Closed current version,"Six-seed replay-verified study; +0.3127% pooled MSE improvement vs frozen base; 4.9836% higher MSE than continued-base equal-update control","None required for current conclusion; broader successor evidence optional","None for closed version","Overclaiming small gain while ignoring stronger equal-update control","Frozen base; continued-training control",Closed with bounded mixed conclusion,MIXED,Claim-bearing revision merged,Repository retained,Replay-verified closeout,Closed current version
P002,APEN Navier-Stokes successor,THE-BU1LD/APEN-Synthica,Scientific ML / operator learning,Does the APEN mechanism extend under a validated Navier-Stokes successor protocol?,Blocked successor,"Validated-solver branch exists; hosted workflows terminated before executing step 1","Actual executed confirmatory runs under the frozen successor protocol","Requires functioning hosted/local runner","Treating unexecuted CI as evidence","CI/runner availability",Archived blocked successor,INCONCLUSIVE,Not claim-bearing for APEN v1,Successor branch exists,Not scientifically executed,Not released as verified evidence
P003,Fabric-Induced Memory,THE-BU1LD/Fabric-Induced-Memory,Sequence modeling / memory,Does structured latent memory and retrieval improve long-horizon prediction beyond matched controls?,Closed current version,"Canonical mixed/negative closeout; mechanism ablation evidence retained","No evidence required for current negative conclusion; stronger matched baselines only for a new successor","None for closed version","Confusing implementation of memory with efficacy","Matched no-memory/no-retrieval controls",Closed negative/boundary,NEGATIVE,Closeout retained,Canonical repository on main,Final closeout retained,Closed current version
P004,LAM-JEPA,vertex-studyAI/LAM-JEPA,Representation learning / ARC,Does the proposed JEPA mechanism improve the frozen ARC-style task under declared controls?,Closed current version,"Frozen negative/inconclusive evidence; paper/AISTATS/reproducibility/claim-boundary builds green","Independent or broader validation only for new claims","None for closed version","Venue-ready packaging could be mistaken for positive scientific evidence","Frozen ARC protocol",Closed negative/inconclusive,INCONCLUSIVE,Submission builds green,Canonical code retained,Claim-boundary checks green,Closed research; portal work external
P005,Kyrlov-JEPA hybrid,build-the-future-11/Kyrlov-JEPA,Numerical linear algebra / learned solvers,Do learned Krylov features improve adaptive spectral solving beyond matched scratch controls?,Closed current version,"Physics-first PT1/PT2 adaptive solvers pass frozen synthetic gates; learned feature mechanisms do not beat matched scratch controls","Broader non-synthetic solver families only for successor work","None for closed version","Attributing physics-first solver success to learned feature mechanism","Matched scratch controls; frozen synthetic protocol",Closed boundary,MIXED,Closeout/claim package merged,Hybrid PR merged,Exact-head workflows green,Closed current version
P006,IRIS,build-the-future-11/IRIS,Astronomy / discovery pipeline,Does the evidence-first discovery workflow support the intended astronomical claims with adequate provenance?,Closed current version,"Evidence-first closeout merged; mixed/negative evidence preserved","Unresolved provenance/external confirmation for stronger discovery claims","External data/services if successor launched","Conflating candidate ranking with discovery evidence","Catalog provenance; source-population controls",Closed boundary,INCONCLUSIVE,Closeout package merged,Canonical repo retained,Closeout merged,Closed current version
P007,IRIS-Space SIDEREA,build-the-future-11/IRIS-Space,Astronomy / time-series ML,Can a human-supervised evidence-bound ranking system and shadow JEPA path support prospective discovery claims?,Closed current version,"Evidence-reconciliation package merged; hosted engineering verification complete","Prospective scientific validation and external confirmation for stronger claims","Nontrivial only for a new prospective campaign","Treating shadow rankings as discovery probabilities","External catalogs; prospective campaign",Closed boundary,INCONCLUSIVE,Research paper material retained,Engineering package merged,Hosted engineering verification complete,Closed current version
P008,FI-JEPA v1,Finance-Meta-Research/FI-JEPA,Financial representation learning,Does FI-JEPA improve macrodata prediction over strong raw-context baselines?,Closed v1,"Canonical v1 evidence negative/mixed versus raw-context Ridge","v2 is a separate pre-outcome successor, not missing v1 evidence","None for v1","Leakage/regime effects and weak-baseline comparisons","Macrodata provenance and split discipline",Closed negative/boundary,NEGATIVE,v1 closeout retained,Canonical v1 code retained,Bounded verification retained,Closed v1
P009,Eigen-JEPA,Finance-Meta-Research/Eigen-JEPA,Financial spectral modeling,Does spectral JEPA geometry provide robust benefit beyond classical and matched controls?,Closed current version,"Retained evidence mixed/negative; deterministic suite and paper package exist","Classical-baseline ladder only as a future successor","None for closed version","Synthetic market conclusions generalized to trading alpha","Synthetic generator; chronological splits",Closed boundary,MIXED,Paper source/PDF package exists,Research package retained,Reproducibility tooling present,Closed current version
P010,Adaptive Theory Geometry,THE-BU1LD/Adaptive-Theory-Geometry,Bayesian experimental design / model discrimination,Does learned/constructed theory geometry aid finite-library model discrimination beyond matched information-gain baselines?,Closed current version,"Complete reproducible synthetic manuscript/benchmark; synthetic gains retained; external superiority not established","External/non-synthetic validation for broader claims","None for closed version","Generalizing finite synthetic discrimination to general scientific discovery","Finite model library; matched EIG controls",Closed boundary,MIXED,Complete synthetic manuscript retained,Reproducible benchmark retained,Bounded synthetic verification,Closed current version
P011,NGMT,THE-BU1LD/NGMT,Probabilistic forecasting / robust memory,Does non-Gaussian latent memory add value beyond Student-t likelihood and ordinary memory?,Closed current version,"Student-t output helps controlled heavy-tail benchmarks; full robust latent-memory mechanism does not consistently add value","Natural-data matrix only if opening a new successor claim","None for closed version","Attributing Student-t likelihood gains to the memory mechanism","Student-t baseline; matched-capacity controls",Closed boundary,MIXED,Submission draft/package tooling retained,Canonical repo retained,Current evidence ledger retained,Closed current version
P012,QFIM,THE-BU1LD/QFIM,Memory / quantized modeling,Does the QFIM mechanism produce a robust advantage under its declared ablations?,Closed current version,"Root scientific truth records mixed FIM ablation evidence; blanket superiority withdrawn","New preregistered study required for stronger claims","None for closed version","Mechanism ambiguity and inherited claims from related FIM work","FIM ablation evidence",Closed boundary,MIXED,Closeout status retained,Canonical repo retained,Bounded truth record retained,Closed current version
P013,World-Series research program,build-the-future-11/world-series,Structured learning workbench,Do nine independent structured mechanisms retain advantages under controls failure accounting and reproducibility checks?,Closed current version,"Bounded multi-module release; verification receipts; negative and scoped findings; successor loss-reversal work retained","Independent confirmation and broader generalization only for future claims","None for closed version","Pooling incomparable endpoints or presenting a unified superior architecture","Hashed review archive; preserved campaigns; external Celo2 dependency",Closed negative/boundary,NEGATIVE,Bounded preprint and arXiv package prepared,OSS package released,Go-live verification passed,Closed v0.1.0-oss
P014,Math-11 exploratory research,,Mathematics / exploratory number theory,Does the exploratory program establish a novel publication-grade theorem with a complete proof and prior-art boundary?,Archived exploratory,"Exploratory work retained; no canonical evidence package establishes a publication-grade novel theorem","A new theorem statement proof audit and novelty search in a new versioned project","Problem dependent","Mistaking computational patterns or known results for novelty","Literature/novelty audit",Archived with evidence,INCONCLUSIVE,No canonical publication-grade paper,No canonical research repo identified,No publication-grade theorem verification,Archived current version
