project,method,condition,n,mean,std
cwlnn,budget_attention,n24,8,37.661761689972984,4.169239932454171
cwlnn,budget_attention,n48,8,33.21294727913404,3.6211753171496217
cwlnn,budget_attention,n96,8,33.42723245008673,1.0983489764040038
cwlnn,flat,n24,8,2.26611661171529,0.23854749947632684
cwlnn,flat,n48,8,2.11406601804236,0.18871590450873654
cwlnn,flat,n96,8,2.1108597728689507,0.13915342957486446
cwlnn,hierarchy,n24,8,1.4068534432876971,0.1659157219765443
cwlnn,hierarchy,n48,8,1.2127706015183701,0.12789205753049368
cwlnn,hierarchy,n96,8,1.2043443347415101,0.07433604630563985
cwlnn,routed,n24,8,11.095157461124446,2.506402553456676
cwlnn,routed,n48,8,11.912339468649472,0.879749245516432
cwlnn,routed,n96,8,13.693894629810206,0.7174546119132504
qapen,context_memory,all,8,1.1412890552375596,0.03007421079785744
qapen,context_memory,ordinary,8,1.0218354744345186,0.04811278215375934
qapen,context_memory,rare,8,1.619103378449723,0.06069235670571107
qapen,context_memory,return_first5,8,2.2852623771435328,0.21368742079303066
qapen,cumulative,all,8,1.4031338511167708,0.014886073726549005
qapen,cumulative,ordinary,8,0.9787199308823389,0.02809211446022624
qapen,cumulative,rare,8,3.100789532054498,0.0794997531024464
qapen,cumulative,return_first5,8,3.9350042008235713,0.3101371485263613
qapen,fixed,all,8,1.5817250684196371,0.005645588862956504
qapen,fixed,ordinary,8,1.5853758809451977,0.00865425414976502
qapen,fixed,rare,8,1.5671218183173943,0.0207835120910313
qapen,fixed,return_first5,8,1.5523945231769902,0.045690040795843996
qapen,no_memory,all,8,1.3493575398881297,0.024192846264088658
qapen,no_memory,ordinary,8,1.1921619413216136,0.051715824247536755
qapen,no_memory,rare,8,1.9781399341541954,0.12944180200194974
qapen,no_memory,return_first5,8,2.2635188441478453,0.24630907791652937
qapen,random_memory,all,8,1.3624044945630964,0.023167967476755726
qapen,random_memory,ordinary,8,1.113240211250018,0.03381985869189025
qapen,random_memory,rare,8,2.359061627815409,0.17161728767270282
qapen,random_memory,return_first5,8,2.8898980556420115,0.3388748717444159
qapen,recent,all,8,1.5173693837281217,0.1393256851017735
qapen,recent,ordinary,8,1.360181258424612,0.09651984283699477
qapen,recent,rare,8,2.1461218849421604,0.44615412394865556
qapen,recent,return_first5,8,4.808432578411848,1.6589404916148116
qapen,single_expert_memory,all,8,1.1003536161161027,0.025972567778604138
qapen,single_expert_memory,ordinary,8,0.8929718340090861,0.03609451517545532
qapen,single_expert_memory,rare,8,1.9298807445441686,0.10520641658647693
qapen,single_expert_memory,return_first5,8,3.1563587670731703,0.33770382014592465
qwipii,brute,n4/budget12,8,0.625,0.17251638983558856
qwipii,brute,n4/budget120,8,1.0,0.0
qwipii,brute,n5/budget12,8,0.08333333333333333,0.0890870806374748
qwipii,brute,n5/budget120,8,1.0,0.0
qwipii,brute,n6/budget12,8,0.041666666666666664,0.07715167498104596
qwipii,brute,n6/budget120,8,0.10416666666666666,0.1767766952966369
qwipii,quotient,n4/budget12,8,0.625,0.17251638983558856
qwipii,quotient,n4/budget120,8,1.0,0.0
qwipii,quotient,n5/budget12,8,0.08333333333333333,0.0890870806374748
qwipii,quotient,n5/budget120,8,1.0,0.0
qwipii,quotient,n6/budget12,8,0.041666666666666664,0.07715167498104596
qwipii,quotient,n6/budget120,8,0.10416666666666666,0.1767766952966369
qwipii,ranking_only,n4/budget12,8,1.0,0.0
qwipii,ranking_only,n4/budget120,8,1.0,0.0
qwipii,ranking_only,n5/budget12,8,1.0,0.0
qwipii,ranking_only,n5/budget120,8,1.0,0.0
qwipii,ranking_only,n6/budget12,8,0.6041666666666666,0.1767766952966369
qwipii,ranking_only,n6/budget120,8,1.0,0.0
ultron,cheapest,budget24,8,0.6666666666666666,0.0
ultron,cheapest,budget53,8,1.0,0.0
ultron,cheapest,budget8,8,0.2222222222222222,0.0
ultron,learned,budget24,8,0.8194444444444444,0.057505463278529484
ultron,learned,budget53,8,1.0,0.0
ultron,learned,budget8,8,0.2222222222222222,0.0
ultron,random,budget24,8,0.5833333333333334,0.16533862425396556
ultron,random,budget53,8,1.0,0.0
ultron,random,budget8,8,0.2222222222222222,0.0
ultron,static,budget24,8,0.4444444444444444,0.0
ultron,static,budget53,8,1.0,0.0
ultron,static,budget8,8,0.2222222222222222,0.0
wcode,flat,budget24,8,0.6666666666666666,0.0
wcode,flat,budget53,8,1.0,0.0
wcode,flat,budget8,8,0.3333333333333333,0.0
wcode,hierarchical,budget24,8,0.6666666666666666,0.0
wcode,hierarchical,budget53,8,1.0,0.0
wcode,hierarchical,budget8,8,0.3333333333333333,0.0
wcode,length,budget24,8,0.4444444444444444,0.0
wcode,length,budget53,8,1.0,0.0
wcode,length,budget8,8,0.2222222222222222,0.0
wcode,token,budget24,8,0.6666666666666666,0.0
wcode,token,budget53,8,1.0,0.0
wcode,token,budget8,8,0.3333333333333333,0.0
wcode,uniform,budget24,8,0.4444444444444444,0.0
wcode,uniform,budget53,8,1.0,0.0
wcode,uniform,budget8,8,0.2222222222222222,0.0
wfim,topk,degree2,8,24.093683312041378,6.9052682636801705
wfim,topk,degree3,8,19.716718535063556,8.8007361541321
wfim,topk,degree4,8,10.405934808237047,3.097846188634104
wfim,transported,degree2,8,1.4041282384570953e-31,5.001279445080351e-32
wfim,transported,degree3,8,4.2393460158925926e-31,1.280836671988998e-31
wfim,transported,degree4,8,8.004000647006222e-31,2.363455598074085e-31
wfim,truncated,degree2,8,0.0,0.0
wfim,truncated,degree3,8,0.0,0.0
wfim,truncated,degree4,8,0.0,0.0
wft,constrained_laplacian,n12/noise0.0/samples32,8,9.79168299218136e-07,3.931161094239401e-07
wft,constrained_laplacian,n12/noise0.0/samples8,8,1.0667151282221707,0.16362274751366704
wft,constrained_laplacian,n12/noise0.1/samples32,8,0.006215514034855694,0.003363378534458965
wft,constrained_laplacian,n12/noise0.1/samples8,8,0.936957067397248,0.3570727046093046
wft,constrained_laplacian,n12/noise0.5/samples32,8,0.16493962342903395,0.05305316882019175
wft,constrained_laplacian,n12/noise0.5/samples8,8,1.4094709561915142,0.4244845341617674
wft,constrained_laplacian,n24/noise0.0/samples32,8,5.615752064922555e-05,3.59864232104589e-05
wft,constrained_laplacian,n24/noise0.0/samples8,8,1.7538239169501766,0.29835503970869587
wft,constrained_laplacian,n24/noise0.1/samples32,8,0.05643872463331597,0.012482118564215995
wft,constrained_laplacian,n24/noise0.1/samples8,8,1.6480876315807635,0.3289276251016224
wft,constrained_laplacian,n24/noise0.5/samples32,8,1.529725516922761,0.41171124208195653
wft,constrained_laplacian,n24/noise0.5/samples8,8,1.8693162092986637,0.28960195641311015
wft,fixed_unit_weights,n12/noise0.0/samples32,8,0.48153744896028977,0.14606689052086727
wft,fixed_unit_weights,n12/noise0.0/samples8,8,0.4209104716416484,0.13520665196640053
wft,fixed_unit_weights,n12/noise0.1/samples32,8,0.417015558452803,0.14594522235679014
wft,fixed_unit_weights,n12/noise0.1/samples8,8,0.5347908599084839,0.15893079960702305
wft,fixed_unit_weights,n12/noise0.5/samples32,8,0.594669564465404,0.3545790371973286
wft,fixed_unit_weights,n12/noise0.5/samples8,8,0.4411198504813779,0.20646918562026495
wft,fixed_unit_weights,n24/noise0.0/samples32,8,0.5179027560517495,0.10796803611160258
wft,fixed_unit_weights,n24/noise0.0/samples8,8,0.544570415498451,0.1437606354922126
wft,fixed_unit_weights,n24/noise0.1/samples32,8,0.512812384878798,0.1258112154225558
wft,fixed_unit_weights,n24/noise0.1/samples8,8,0.5740675439682509,0.13866140831943585
wft,fixed_unit_weights,n24/noise0.5/samples32,8,0.42746018673109293,0.13449715055727912
wft,fixed_unit_weights,n24/noise0.5/samples8,8,0.47926373936061467,0.17107683324462475
wft,oracle_true_graph,n12/noise0.0/samples32,8,0.0,0.0
wft,oracle_true_graph,n12/noise0.0/samples8,8,0.0,0.0
wft,oracle_true_graph,n12/noise0.1/samples32,8,0.0,0.0
wft,oracle_true_graph,n12/noise0.1/samples8,8,0.0,0.0
wft,oracle_true_graph,n12/noise0.5/samples32,8,0.0,0.0
wft,oracle_true_graph,n12/noise0.5/samples8,8,0.0,0.0
wft,oracle_true_graph,n24/noise0.0/samples32,8,0.0,0.0
wft,oracle_true_graph,n24/noise0.0/samples8,8,0.0,0.0
wft,oracle_true_graph,n24/noise0.1/samples32,8,0.0,0.0
wft,oracle_true_graph,n24/noise0.1/samples8,8,0.0,0.0
wft,oracle_true_graph,n24/noise0.5/samples32,8,0.0,0.0
wft,oracle_true_graph,n24/noise0.5/samples8,8,0.0,0.0
wft,ridge,n12/noise0.0/samples32,8,1.915019744513119e-06,7.766456588466807e-07
wft,ridge,n12/noise0.0/samples8,8,1.8335625661788781,0.3118206497659204
wft,ridge,n12/noise0.1/samples32,8,0.005537417960562315,0.0011995998779240115
wft,ridge,n12/noise0.1/samples8,8,1.6406277899131743,0.5513123994917596
wft,ridge,n12/noise0.5/samples32,8,0.14986100792515777,0.044023243584221244
wft,ridge,n12/noise0.5/samples8,8,2.442103586881002,0.6699972040999066
wft,ridge,n24/noise0.0/samples32,8,4.21877598506823e-05,2.1109859479618844e-05
wft,ridge,n24/noise0.0/samples8,8,3.534515456650439,0.6155274006139685
wft,ridge,n24/noise0.1/samples32,8,0.03169541666295465,0.005454575270531027
wft,ridge,n24/noise0.1/samples8,8,3.3270384825362216,0.623334066610312
wft,ridge,n24/noise0.5/samples32,8,0.9190626255033358,0.23172916004378794
wft,ridge,n24/noise0.5/samples8,8,3.753500708474419,0.7137330709158657
wpinn,data_only,k1.0/c0.0/noise0.0,8,2.3042722639660957e-07,3.8478636894955035e-07
wpinn,data_only,k1.0/c0.0/noise0.02,8,,
wpinn,data_only,k1.0/c0.0/noise0.1,8,,
wpinn,data_only,k2.0/c0.3/noise0.0,8,1.8687767479457053e-06,2.6834638956153104e-06
wpinn,data_only,k2.0/c0.3/noise0.02,8,,
wpinn,data_only,k2.0/c0.3/noise0.1,8,,
wpinn,data_only,k4.0/c0.8/noise0.0,8,4.93385543442273e-06,6.609603184041848e-06
wpinn,data_only,k4.0/c0.8/noise0.02,8,,
wpinn,data_only,k4.0/c0.8/noise0.1,8,,
wpinn,known_support,k1.0/c0.0/noise0.0,8,7.281489562179172e-07,1.042104685595968e-06
wpinn,known_support,k1.0/c0.0/noise0.02,8,0.02767263472417637,0.07722471739396869
wpinn,known_support,k1.0/c0.0/noise0.1,8,32.19484058198355,91.03478940810848
wpinn,known_support,k2.0/c0.3/noise0.0,8,1.8687767479457053e-06,2.6834638956153104e-06
wpinn,known_support,k2.0/c0.3/noise0.02,8,0.03909832394029514,0.10870279481448021
wpinn,known_support,k2.0/c0.3/noise0.1,8,70.16383980121269,198.36215310712495
wpinn,known_support,k4.0/c0.8/noise0.0,8,4.93385543442273e-06,6.609603184041848e-06
wpinn,known_support,k4.0/c0.8/noise0.02,8,0.07380581821514663,0.20718745059172458
wpinn,known_support,k4.0/c0.8/noise0.1,8,100.35343016594285,283.7130257110712
wpinn,weak,k1.0/c0.0/noise0.0,8,7.350953063182111e-07,7.50928787942213e-07
wpinn,weak,k1.0/c0.0/noise0.02,8,0.09270503988995793,0.20019092599121147
wpinn,weak,k1.0/c0.0/noise0.1,8,,
wpinn,weak,k2.0/c0.3/noise0.0,8,1.9537122763808926e-06,1.7328052474250748e-06
wpinn,weak,k2.0/c0.3/noise0.02,8,,
wpinn,weak,k2.0/c0.3/noise0.1,8,1.0504881490330729,2.899528120976058
wpinn,weak,k4.0/c0.8/noise0.0,8,3.723962420929443e-06,2.67836789928745e-06
wpinn,weak,k4.0/c0.8/noise0.02,8,0.014276152970121015,0.0362839238018111
wpinn,weak,k4.0/c0.8/noise0.1,8,,
wpinn,wrong_conservation,k1.0/c0.0/noise0.0,8,7.350953063182111e-07,7.50928787942213e-07
wpinn,wrong_conservation,k1.0/c0.0/noise0.02,8,0.08469178820474259,0.20388114831806184
wpinn,wrong_conservation,k1.0/c0.0/noise0.1,8,,
wpinn,wrong_conservation,k2.0/c0.3/noise0.0,8,0.10126112663702633,0.07311145685277853
wpinn,wrong_conservation,k2.0/c0.3/noise0.02,8,,
wpinn,wrong_conservation,k2.0/c0.3/noise0.1,8,0.23631328926612843,0.26046310961702074
wpinn,wrong_conservation,k4.0/c0.8/noise0.0,8,0.3863022192356125,0.2199819603499787
wpinn,wrong_conservation,k4.0/c0.8/noise0.02,8,0.39275125047461223,0.2385223328989103
wpinn,wrong_conservation,k4.0/c0.8/noise0.1,8,,
