method,horizon,seed,attempted_tasks,failures,auc,final_loss,accuracy,adapt_seconds
adamw,8,101,2,0,4.414660248479385,0.35779461046064526,0.9166666666666667,0.12398437499359716
adamw,8,211,2,0,3.3965072964885614,0.16105736728318015,0.9791666666666667,0.034202729497337714
adamw,8,307,2,0,3.5367452453416557,0.2122618725891042,0.9479166666666667,0.02826541700051166
adamw,8,401,2,0,3.3078293961949385,0.15872562312582564,0.9791666666666667,0.02009577100398019
adamw,8,503,2,0,3.4214240228270634,0.20116000961303532,0.96875,0.010633729485562071
adamw,8,601,2,0,4.380834089161111,0.33637445369205476,0.8958333333333333,0.00789100001566112
adamw,8,701,2,0,3.5033074242551154,0.16809850242680058,0.9895833333333333,0.007131833001039922
adamw,8,809,2,0,4.047008660293143,0.27064197033547105,0.90625,0.015862041982472874
adamw,16,101,2,0,6.246232742902697,0.20866747215235695,0.9375,0.24300497950753197
adamw,16,211,2,0,4.350887054666334,0.11885595802799945,0.9791666666666667,0.04994768749747891
adamw,16,307,2,0,4.779282512730471,0.12870606168181534,0.96875,0.02535904198884964
adamw,16,401,2,0,4.0003510056898195,0.059381108655226014,0.9895833333333333,0.030358271003933623
adamw,16,503,2,0,4.201692086554825,0.10193169069379407,0.96875,0.02075945849355776
adamw,16,601,2,0,6.092339623264689,0.17353548151181808,0.9583333333333333,0.01891270799387712
adamw,16,701,2,0,4.389096763563675,0.06837572714582452,0.9895833333333333,0.013153041509212926
adamw,16,809,2,0,5.397198038809014,0.14648031067779752,0.9791666666666667,0.016169958500540815
adamw,32,101,2,0,8.827425890893517,0.1689644783341682,0.9583333333333333,0.9855057295062579
adamw,32,211,2,0,5.795981786919253,0.08219466422526238,0.9791666666666667,0.06343506200937554
adamw,32,307,2,0,6.436558794584782,0.0987998768209503,0.96875,0.07860472898755688
adamw,32,401,2,0,4.9325435842882435,0.04810345937060171,0.9791666666666667,0.043353187502361834
adamw,32,503,2,0,5.015005975606507,0.02725775318519554,0.9895833333333333,0.05499783350387588
adamw,32,601,2,0,8.301075171139336,0.10095205654597196,0.9583333333333333,0.03444141650106758
adamw,32,701,2,0,5.293512882372666,0.05238413473252117,0.9895833333333333,0.02734039600181859
adamw,32,809,2,0,6.713785120950041,0.07175420774940904,0.9791666666666667,0.04614237550413236
feedforward,8,101,2,0,5.599235300323784,0.41431510333601135,0.9479166666666667,0.24626506298955064
feedforward,8,211,2,0,5.662717631536995,0.40579480818057645,0.9583333333333333,0.03327075000561308
feedforward,8,307,2,0,7.102296139415095,0.7265750900076619,0.8645833333333334,0.041535978991305456
feedforward,8,401,2,0,6.531848652929291,0.583078666083496,0.9375,0.016848104001837783
feedforward,8,503,2,0,8.174451887954802,0.9373733429310426,0.5729166666666666,0.02712602050451096
feedforward,8,601,2,0,5.707969466358589,0.4355673148401045,0.9270833333333333,0.017830708500696346
feedforward,8,701,2,0,7.153276274825146,0.7495310589975921,0.90625,0.031126146001042798
feedforward,8,809,2,0,6.088339256761351,0.4622521797183333,0.9791666666666667,0.0458543744898634
feedforward,16,101,2,0,7.923658545408776,0.2088300506268821,0.9583333333333333,0.178887833506451
feedforward,16,211,2,0,7.602517233016961,0.15969751400057283,0.9791666666666667,0.06121095849084668
feedforward,16,307,2,0,11.585772080253285,0.4199664225616894,0.9375,0.06784924998646602
feedforward,16,401,2,0,9.680713098556446,0.2695295202201314,0.9791666666666667,0.04446622901014052
feedforward,16,503,2,0,14.655205683449491,0.6308694926296179,0.875,0.06859016699308995
feedforward,16,601,2,0,8.088527070630526,0.196150511658878,0.9375,0.04152891649573576
feedforward,16,701,2,0,11.63440737164976,0.3827154877523651,0.96875,0.08179072951315902
feedforward,16,809,2,0,8.584250125344184,0.20599863286262474,0.96875,0.04221604150370695
feedforward,32,101,2,0,10.626327571720921,0.15251846556799242,0.9583333333333333,0.6185323124955175
feedforward,32,211,2,0,9.71815225990531,0.12724023283826674,0.9791666666666667,0.12290493749605957
feedforward,32,307,2,0,16.260606779100566,0.20012805829903327,0.9583333333333333,0.14849799999501556
feedforward,32,401,2,0,11.842754850015645,0.09835651109427039,0.9791666666666667,0.10853900000802241
feedforward,32,503,2,0,19.854776693451676,0.14203670542901087,0.9583333333333333,0.1213515835115686
feedforward,32,601,2,0,10.713850006674082,0.1379508746363628,0.9791666666666667,0.09325252099370118
feedforward,32,701,2,0,14.833145796782068,0.10951262227936787,0.9895833333333333,0.24354489598772489
feedforward,32,809,2,0,11.141280773053278,0.1378080546699566,0.9791666666666667,0.1902469585184008
full,8,101,2,0,6.403778680723508,0.5840045469356514,0.9270833333333333,0.5151032705034595
full,8,211,2,0,6.054543035216707,0.4690771364411664,0.9583333333333333,0.0494647915038513
full,8,307,2,0,6.712837567477243,0.6143082469175333,0.8854166666666667,0.04540808348974679
full,8,401,2,0,6.92312044872523,0.6678555707200854,0.8645833333333333,0.0252682080026716
full,8,503,2,0,8.063838571479653,0.9052099334937491,0.5729166666666666,0.021440229000290856
full,8,601,2,0,6.135569791406143,0.5424035351214578,0.90625,0.025525791992549784
full,8,701,2,0,7.196270661281756,0.7628785342440424,0.90625,0.02557504149444867
full,8,809,2,0,5.944127573364321,0.4320854208120703,0.9895833333333333,0.03792060450359713
full,16,101,2,0,9.790888317573199,0.31406953538690485,0.9583333333333333,0.5626871245040093
full,16,211,2,0,8.375846516079697,0.17254055405569757,0.9791666666666667,0.09107685401977506
full,16,307,2,0,10.225895606976259,0.31971210186601334,0.9583333333333333,0.1114695415017195
full,16,401,2,0,10.77429250849126,0.3425966326498848,0.96875,0.03732162450614851
full,16,503,2,0,13.825258466774397,0.4852026091000203,0.9479166666666667,0.04137970852025319
full,16,601,2,0,9.110697299864873,0.25335240167099826,0.9270833333333333,0.058948458507074974
full,16,701,2,0,11.802566209435408,0.4019895124326197,0.96875,0.042750875509227626
full,16,809,2,0,8.208098471348885,0.18797055092444925,0.9791666666666667,0.05194295848195907
full,32,101,2,0,13.2786160873314,0.17131412694056478,0.9583333333333333,0.8500444995006546
full,32,211,2,0,10.620228793982179,0.12695101614089016,0.9791666666666667,0.17273760399257299
full,32,307,2,0,13.635680204727814,0.16374964056896088,0.9583333333333333,0.1339745205041254
full,32,401,2,0,13.748294820387656,0.1133551958896889,0.9791666666666667,0.10884674999397248
full,32,503,2,0,17.24000711247755,0.12335044352778654,0.9583333333333333,0.08764702049666084
full,32,601,2,0,12.028367813345199,0.15154178829260986,0.9583333333333333,0.08344887499697506
full,32,701,2,0,15.085499066065761,0.11105967718777823,0.9895833333333333,0.08582849999947939
full,32,809,2,0,10.610881078602901,0.13506292069691145,0.9791666666666667,0.1319843540113652
initialization_only,8,101,2,0,6.07146142872643,0.5891817204829335,0.875,0.033081500499974936
initialization_only,8,211,2,0,7.17871072879186,0.7868916760266068,0.9166666666666667,0.005093624989967793
initialization_only,8,307,2,0,7.5286358990188536,0.8549405920075659,0.7291666666666666,0.010429520494653843
initialization_only,8,401,2,0,6.758209538163926,0.6982218434932509,0.8020833333333333,0.013561332991230302
initialization_only,8,503,2,0,7.787236939909617,0.8628521643638416,0.6041666666666667,0.005382457995438017
initialization_only,8,601,2,0,5.93750020676293,0.584002756410735,0.9166666666666667,0.00855577050242573
initialization_only,8,701,2,0,7.616788354297544,0.8833617525528492,0.6770833333333334,0.009796458500204608
initialization_only,8,809,2,0,6.217648054256726,0.5767326785151157,0.8958333333333333,0.02037268699496053
initialization_only,16,101,2,0,9.803561132945783,0.3731844146473098,0.9583333333333333,0.050658145497436635
initialization_only,16,211,2,0,12.48290529437825,0.5331069389428778,0.9375,0.028603416518308222
initialization_only,16,307,2,0,13.466047870605822,0.6220987605669802,0.8854166666666667,0.0543816040008096
initialization_only,16,401,2,0,11.3109281966725,0.4610956416466053,0.9479166666666667,0.0363659999857191
initialization_only,16,503,2,0,13.572613037643936,0.5745196765411889,0.8541666666666667,0.009061459000804462
initialization_only,16,601,2,0,9.604700471361213,0.35850347592910475,0.9375,0.011585583502892405
initialization_only,16,701,2,0,14.007997712478728,0.7024110365995304,0.9479166666666667,0.023410104506183416
initialization_only,16,809,2,0,9.790359427763304,0.35018056340235243,0.9270833333333333,0.009146020995103754
initialization_only,32,101,2,0,14.166129256310555,0.20295421603398303,0.9583333333333333,0.1969232915143948
initialization_only,32,211,2,0,18.053811618177598,0.22083045329696718,0.9791666666666667,0.04552379150118213
initialization_only,32,307,2,0,20.650891238803542,0.3277824753759422,0.9583333333333333,0.053355583499069326
initialization_only,32,401,2,0,16.470866940678867,0.20766827790414952,0.96875,0.0436700000136625
initialization_only,32,503,2,0,19.26906467903874,0.22121934969337495,0.9583333333333333,0.023628166512935422
initialization_only,32,601,2,0,13.732953327389858,0.1968053803851121,0.9375,0.020618020484107547
initialization_only,32,701,2,0,21.92745483203755,0.3204251471065324,0.96875,0.045277354001882486
initialization_only,32,809,2,0,13.810252073855148,0.18935019168239858,0.9479166666666667,0.024738999985856935
momentum,8,101,2,0,4.585839411048399,0.5071931837331923,0.9583333333333333,0.12240718748944346
momentum,8,211,2,0,4.274801404760576,0.46467463476780874,0.9791666666666667,0.04048620800313074
momentum,8,307,2,0,4.610852706769689,0.30141704470235486,0.9479166666666667,0.012293645995669067
momentum,8,401,2,0,4.228052454057951,0.3040980804252281,0.9791666666666667,0.02171779199852608
momentum,8,503,2,0,5.363221769391094,0.37508317017942727,0.9791666666666667,0.019339062506332994
momentum,8,601,2,0,4.077979864790897,0.4109890517787953,0.9479166666666667,0.0067577709996839985
momentum,8,701,2,0,4.62130378012807,0.19060205839463784,0.9791666666666667,0.0060807500121882185
momentum,8,809,2,0,4.028687232928988,0.3059323681268281,0.9791666666666667,0.005449979493278079
momentum,16,101,2,0,6.730959255710461,0.20048030854394608,0.9479166666666667,0.13614693749696016
momentum,16,211,2,0,6.305371888725514,0.22959138345300198,0.9791666666666667,0.038257249994785525
momentum,16,307,2,0,6.35569895446142,0.18194223734073925,0.96875,0.018797708486090414
momentum,16,401,2,0,5.710960295286688,0.0992850534486591,0.9895833333333333,0.01853912499791477
momentum,16,503,2,0,7.289346659773955,0.2087078126273873,0.9791666666666667,0.030605895502958447
momentum,16,601,2,0,5.750526831913165,0.1747436725144105,1.0,0.014522791505442001
momentum,16,701,2,0,6.186232942640301,0.07565137757313178,0.9895833333333333,0.014668166491901502
momentum,16,809,2,0,5.750383758311596,0.16878179846572833,0.9791666666666667,0.013231728997197933
momentum,32,101,2,0,9.201189592994783,0.13248004523877677,0.96875,0.5501600209972821
momentum,32,211,2,0,8.504797215040613,0.09869903784944124,0.9791666666666667,0.07132329148589633
momentum,32,307,2,0,8.074666070637765,0.07193964131176042,0.9583333333333333,0.049934270995436236
momentum,32,401,2,0,6.872287936308252,0.03861138207441692,1.0,0.05143802100792527
momentum,32,503,2,0,8.975763981338396,0.055902772267285857,0.9895833333333333,0.02933297900017351
momentum,32,601,2,0,7.4857920331358745,0.07552106868996568,1.0,0.029314750005141832
momentum,32,701,2,0,7.386079686053366,0.047397181885098116,0.9895833333333333,0.023333146498771384
momentum,32,809,2,0,7.414025851087473,0.06607151643835264,1.0,0.023360958002740517
no_budget,8,101,2,0,6.394489424591707,0.5820371945013612,0.9270833333333333,0.07427595849731006
no_budget,8,211,2,0,5.966560795288183,0.45277219654719714,0.9583333333333333,0.05742879198805895
no_budget,8,307,2,0,6.724993045951287,0.6170566096608074,0.8854166666666667,0.052297854505013674
no_budget,8,401,2,0,6.941414198688825,0.6734345311565486,0.8645833333333333,0.022429145989008248
no_budget,8,503,2,0,8.055932185529567,0.9013176700812717,0.5729166666666666,0.02320062500075437
no_budget,8,601,2,0,6.1016230528439355,0.5330614328506812,0.90625,0.022328499995637685
no_budget,8,701,2,0,7.215717018152225,0.7698023779054911,0.8958333333333333,0.022226979010156356
no_budget,8,809,2,0,5.91714871430323,0.4257987644212633,0.9895833333333333,0.05848997899738606
no_budget,16,101,2,0,9.769589859913282,0.31275106173985345,0.9583333333333333,0.42923908348893747
no_budget,16,211,2,0,8.16705434541974,0.16750019865993548,0.9791666666666667,0.12153547898924444
no_budget,16,307,2,0,10.266928242388653,0.3218741296216477,0.9583333333333333,0.09696308350248728
no_budget,16,401,2,0,10.850573849170564,0.34885025958078847,0.96875,0.057823916504275985
no_budget,16,503,2,0,13.732466556086536,0.46807185979174787,0.9479166666666667,0.05187779149855487
no_budget,16,601,2,0,9.00037690323693,0.2468451928273179,0.9270833333333333,0.0406864375108853
no_budget,16,701,2,0,11.936880748711378,0.4170128891847271,0.96875,0.0552438745071413
no_budget,16,809,2,0,8.138865674339396,0.185246685713605,0.9791666666666667,0.038679125005728565
no_budget,32,101,2,0,13.250413323860542,0.1710408637971714,0.9583333333333333,1.5705126874963753
no_budget,32,211,2,0,10.352394329951272,0.1267423207044278,0.9791666666666667,0.19052122898574453
no_budget,32,307,2,0,13.715814395699137,0.1643319023799573,0.9583333333333333,0.18331008299719542
no_budget,32,401,2,0,13.915108451584276,0.11457630314958597,0.9791666666666667,0.1377570829790784
no_budget,32,503,2,0,17.03446802803429,0.12258296061263077,0.9583333333333333,0.11709529149811715
no_budget,32,601,2,0,11.855747990900818,0.15015478148931305,0.9583333333333333,0.10495679199812002
no_budget,32,701,2,0,15.451026049151569,0.11388643861024228,0.9895833333333333,0.18148474999179598
no_budget,32,809,2,0,10.517514118279802,0.1347170790084543,0.9791666666666667,0.09290243750729132
no_gates,8,101,2,0,6.538176807012535,0.6192536208404397,0.9270833333333333,0.08613754197722301
no_gates,8,211,2,0,6.311922032013136,0.5421773937526603,0.9375,0.022120250010630116
no_gates,8,307,2,0,6.904446647403688,0.6649982314818899,0.8854166666666667,0.02421145849802997
no_gates,8,401,2,0,7.0361715863407905,0.7074445237488015,0.8541666666666667,0.035902646006434225
no_gates,8,503,2,0,8.091885545786957,0.9151456107252862,0.5625,0.011947333492571488
no_gates,8,601,2,0,6.402889822852355,0.6160477580872058,0.90625,0.012864562493632548
no_gates,8,701,2,0,7.217862633588648,0.7653408036527143,0.8958333333333333,0.030015875003300607
no_gates,8,809,2,0,6.205706439478219,0.48331557166978734,0.9583333333333333,0.010599521003314294
no_gates,16,101,2,0,10.168623383497641,0.33822621112653506,0.9583333333333333,0.17962797899963334
no_gates,16,211,2,0,9.097761023622061,0.21695072255595585,0.9791666666666667,0.045378749986412004
no_gates,16,307,2,0,10.764001001347332,0.354849325530979,0.9479166666666667,0.04341687548730988
no_gates,16,401,2,0,11.270238060743502,0.38848752564516237,0.9791666666666667,0.04003483300039079
no_gates,16,503,2,0,14.045361225096554,0.5264770646164276,0.9479166666666667,0.026555125485174358
no_gates,16,601,2,0,9.936880205082351,0.31070921500661386,0.9375,0.022033708504750393
no_gates,16,701,2,0,11.803656420087112,0.3970979172021727,0.96875,0.04082337500585709
no_gates,16,809,2,0,8.766286041826808,0.21207672080677958,0.9791666666666667,0.02339339601167012
no_gates,32,101,2,0,13.895242874222813,0.17740006565660965,0.9583333333333333,0.45023312549164984
no_gates,32,211,2,0,11.512915597368366,0.1311088825731046,0.9791666666666667,0.1001507494947873
no_gates,32,307,2,0,14.511555861124734,0.17247892230506556,0.9583333333333333,0.06562595799914561
no_gates,32,401,2,0,14.860914720703178,0.12467672545618276,0.9791666666666667,0.04937933350447565
no_gates,32,503,2,0,17.74257167626493,0.12645985753047478,0.9583333333333333,0.059735249989898875
no_gates,32,601,2,0,13.288328614703701,0.16281704090499816,0.9375,0.09456402050273027
no_gates,32,701,2,0,15.010598769470757,0.11061652557647722,0.9895833333333333,0.08922931250708643
no_gates,32,809,2,0,11.305775835092632,0.13802337812925136,0.9791666666666667,0.07086337498913053
official_celo2,8,101,2,0,4.557635931027593,0.28174130048004714,0.9270833333333333,0.03090289598912932
official_celo2,8,211,2,0,3.897949738412815,0.24953726186447575,0.9583333333333333,0.04244929148990195
official_celo2,8,307,2,0,4.427827494744868,0.3215069200422803,0.9583333333333333,0.040608895986224525
official_celo2,8,401,2,0,4.203181566766622,0.32723678573702786,0.96875,0.033426729001803324
official_celo2,8,503,2,0,4.40487500455801,0.2527354098437977,0.9791666666666667,0.024766062502749264
official_celo2,8,601,2,0,3.878069775735269,0.22551661976282358,0.96875,0.03208281249681022
official_celo2,8,701,2,0,4.513510495317291,0.1983226612847779,0.9791666666666667,0.02342289600346703
official_celo2,8,809,2,0,4.283798435271659,0.28587872506084633,0.9791666666666666,0.02511887499713339
official_celo2,16,101,2,0,6.474200686087456,0.19419923385128796,0.9375,0.049661312499665655
official_celo2,16,211,2,0,5.595887425444483,0.20608415070526503,0.96875,0.05813154099450912
official_celo2,16,307,2,0,6.048776943115657,0.09316573171607848,0.96875,0.0598982499941485
official_celo2,16,401,2,0,5.629447742790912,0.07996613828240814,1.0,0.07032129199069459
official_celo2,16,503,2,0,5.7931095049472,0.08235797441174339,1.0,0.05144504200143274
official_celo2,16,601,2,0,5.669539775291366,0.134715859909522,0.9791666666666667,0.05428393751208205
official_celo2,16,701,2,0,6.088874476303066,0.09712190441820107,0.9895833333333333,0.09676029151887633
official_celo2,16,809,2,0,6.114561909858953,0.08406510892263602,0.9895833333333333,0.04371006249857601
official_celo2,32,101,2,0,8.941021962232892,0.16125756464938995,0.9791666666666667,0.157650458990247
official_celo2,32,211,2,0,8.260487901860696,0.14019824073515103,0.96875,0.15917179149982985
official_celo2,32,307,2,0,7.339016636191516,0.09602102193143057,0.9791666666666667,0.1287212090101093
official_celo2,32,401,2,0,6.942846279632596,0.08054585022570246,0.9895833333333333,0.116066395494272
official_celo2,32,503,2,0,7.125697608430242,0.07612484280957281,0.9895833333333333,0.09476114599965513
official_celo2,32,601,2,0,7.69686196572118,0.1069675526009731,0.9895833333333333,0.13356450000719633
official_celo2,32,701,2,0,7.574384104949298,0.11409740401723721,0.9791666666666667,0.10830527100188192
official_celo2,32,809,2,0,8.082505801830948,0.15314289422611344,0.96875,0.12996762502007186
reset_state,8,101,2,0,6.417896804547412,0.5894689622929566,0.9270833333333333,0.16794581200520042
reset_state,8,211,2,0,6.150638106331527,0.5015936156818088,0.9479166666666667,0.023718187512713484
reset_state,8,307,2,0,6.743503657939802,0.6251340681638666,0.8854166666666667,0.04315102049440611
reset_state,8,401,2,0,6.97526162729266,0.6863215052611873,0.8541666666666667,0.040419875003863126
reset_state,8,503,2,0,8.065388866246087,0.9060538726238145,0.5729166666666666,0.022245979009312578
reset_state,8,601,2,0,6.18543463177006,0.5609157296006413,0.90625,0.02026281251164619
reset_state,8,701,2,0,7.2338974216315055,0.7782517894940977,0.8958333333333333,0.021228083001915365
reset_state,8,809,2,0,5.96841093059386,0.4394968802098017,0.9895833333333333,0.02243889548117295
reset_state,16,101,2,0,9.855405599201,0.31928709362196817,0.9583333333333333,0.47374695850885473
reset_state,16,211,2,0,8.699167811785614,0.1912068974194918,0.9791666666666667,0.05482581247633789
reset_state,16,307,2,0,10.343917955883088,0.329935238816621,0.9479166666666667,0.09522218799975235
reset_state,16,401,2,0,11.004955838435158,0.3642453175387493,0.96875,0.04222354201192502
reset_state,16,503,2,0,13.848762632180451,0.4913043525401203,0.9479166666666667,0.048961167005472817
reset_state,16,601,2,0,9.308962303143055,0.2705610436816604,0.9375,0.09258243750082329
reset_state,16,701,2,0,12.098613985040135,0.4396954642498772,0.96875,0.04249974999402184
reset_state,16,809,2,0,8.272855059816544,0.1921929217259279,0.9791666666666667,0.04792474998976104
reset_state,32,101,2,0,13.409826618966411,0.17308027183459423,0.9583333333333333,0.5700380625057733
reset_state,32,211,2,0,11.030969584417447,0.12826827006620461,0.9791666666666667,0.26470735350449104
reset_state,32,307,2,0,13.85810723990032,0.16663741634804538,0.9583333333333333,0.15808712449506857
reset_state,32,401,2,0,14.247722319835855,0.11836101248755217,0.9791666666666667,0.10362827150675002
reset_state,32,503,2,0,17.29107303742473,0.12376996569902086,0.9583333333333333,0.12170531299489085
reset_state,32,601,2,0,12.339212913188668,0.15524695381530124,0.9583333333333333,0.07370449999871198
reset_state,32,701,2,0,15.881776204396372,0.11920471241528388,0.9791666666666667,0.10541966650635004
reset_state,32,809,2,0,10.683397818413328,0.13548534761091904,0.9791666666666667,0.116550188002293
sgd,8,101,2,0,4.920762874211036,0.3124490033098334,0.9583333333333333,0.035973645994090475
sgd,8,211,2,0,5.129105617579281,0.3010770408348109,0.96875,0.02111800001875963
sgd,8,307,2,0,5.751519876966233,0.405671743220226,0.9375,0.0053694790112785995
sgd,8,401,2,0,5.627895306594933,0.38514903901483327,0.9791666666666667,0.006215187517227605
sgd,8,503,2,0,7.290765598010182,0.6295647249081209,0.875,0.007273062496096827
sgd,8,601,2,0,4.8710962688057045,0.2980921761916555,0.9375,0.00891127050272189
sgd,8,701,2,0,6.1276522906776005,0.4495614796150307,0.96875,0.00811518749105744
sgd,8,809,2,0,4.821543809752078,0.26386538337898063,0.9791666666666667,0.006996083495323546
sgd,16,101,2,0,6.65750343425503,0.1708108648470608,0.9583333333333333,0.43451366701629013
sgd,16,211,2,0,6.610401361278729,0.13800251907285857,0.9791666666666667,0.028252978503587656
sgd,16,307,2,0,7.9353028810892345,0.18963069903440072,0.9583333333333333,0.03675499999371823
sgd,16,401,2,0,7.404735766958701,0.12132954714556202,0.9791666666666667,0.01850339549127966
sgd,16,503,2,0,9.629028559970921,0.13380274920075602,0.9583333333333333,0.014243729005102068
sgd,16,601,2,0,6.493333999219339,0.16093183496999275,0.9479166666666667,0.014906750002410263
sgd,16,701,2,0,8.064522011238369,0.11882922484125347,0.9791666666666667,0.015593374497257173
sgd,16,809,2,0,6.247955113290026,0.1501187191331196,0.9791666666666667,0.014769708490348421
sgd,32,101,2,0,13.009896751825707,0.2278851093425299,0.9479166666666667,0.760206687511527
sgd,32,211,2,0,10.579906758206393,0.1505599580776566,0.9791666666666667,0.06294627099123318
sgd,32,307,2,0,13.084195779876586,0.2649526032647484,0.96875,0.06172981248528231
sgd,32,401,2,0,12.343127105196844,0.18512509721973944,0.9791666666666667,0.04586608349927701
sgd,32,503,2,0,11.465422471446002,0.12631943349039493,0.9583333333333333,0.054575313013629057
sgd,32,601,2,0,12.373086773598681,0.22903733138240626,0.96875,0.023856895495555364
sgd,32,701,2,0,10.74440028873201,1.286618095020672,0.75,0.023129833498387598
sgd,32,809,2,0,12.04923060315766,0.13367452653842235,0.9791666666666667,0.0405105204845313
