method,horizon,seeds,auc,final_loss,accuracy,adapt_seconds,failed_tasks
adamw,8,8,3.7510395478801213,0.23326430119076463,0.9479166666666667,0.03100836212252034,0
adamw,16,8,4.93213497852269,0.12574172631832897,0.9713541666666666,0.052208143311872846,0
adamw,32,8,6.414486150844294,0.08130132887051003,0.9752604166666667,0.16672759118955582,0
feedforward,8,8,6.5025168262631325,0.5893109455118523,0.88671875,0.05748214318555256,0
feedforward,16,8,9.969381401038678,0.3092197040390952,0.9505208333333334,0.07331751568744949,0
feedforward,32,8,13.123861841337943,0.1381939406017826,0.97265625,0.20585877612575132,0
full,8,8,6.6792607912093205,0.6222278655857195,0.8763020833333333,0.09321325256132695,0
full,16,8,10.264192924567997,0.3096792372608235,0.9609375,0.1246971431937709,0
full,32,8,13.280946872115056,0.13704810115564886,0.9700520833333333,0.20681401543697575,0
initialization_only,8,8,6.887023893740986,0.7295231479816123,0.8020833333333334,0.01328416912110697,0
initialization_only,16,8,11.754889142981192,0.4968875635344937,0.9244791666666667,0.0279015417509072,0
initialization_only,32,8,17.26017799578648,0.23587943643480752,0.9596354166666666,0.056716900939136394,0
momentum,8,8,4.473842327984458,0.35749869901353404,0.96875,0.02931654956228158,0
momentum,16,8,6.259935073352888,0.16739795549587555,0.9791666666666667,0.035596200434156344,0
momentum,32,8,7.989325295824565,0.0733278307193872,0.9856770833333333,0.1035246797491709,0
no_budget,8,8,6.66473480441862,0.6194100971405777,0.875,0.041584729247915675,0
no_budget,16,8,10.23284202240831,0.3085190346399529,0.9609375,0.1115060988759069,0
no_budget,32,8,13.261560835932713,0.13725408121897287,0.9700520833333333,0.32231754418171477,0
no_gates,8,8,6.8386326893095415,0.664215439244848,0.8658854166666667,0.029224898560642032,0
no_gates,16,8,10.73160092016292,0.34310933781132824,0.9622395833333334,0.05265800531014975,0
no_gates,32,8,14.01598799361889,0.1429476747665205,0.9674479166666666,0.12247264055986307,0
official_celo2,8,8,4.270856055229266,0.2678094605095096,0.96484375,0.03159730730840238,0
official_celo2,16,8,5.9267998079798865,0.12145951277714276,0.9791666666666666,0.060526466126248124,0
official_celo2,32,8,7.745352782606171,0.11604442139944632,0.98046875,0.12852604962790792,0
reset_state,8,8,6.717554005794113,0.6359045529160219,0.8723958333333333,0.04517633312752878,0
reset_state,16,8,10.42908014818563,0.324803541199302,0.9609375,0.11224832568586862,0
reset_state,32,8,13.592760717067891,0.1400067437846152,0.96875,0.1892300599392911,0
sgd,8,8,5.567542705324631,0.3806788238091864,0.9505208333333334,0.012496489565819502,0
sgd,16,8,7.380347890912544,0.1479320197806255,0.9674479166666667,0.0721923253749992,0
sgd,32,8,11.956158316504986,0.3255215192920712,0.94140625,0.13410267712242785,0
