comparator,n,seed_differences,comparator_minus_full_auc,p_exact,p_holm
adamw,8,"[-4.451190196437883, -4.824247007062926, -7.199121410143032, -8.815751236099413, -12.225001136871043, -3.727292642205862, -9.791986183693094, -3.8970959576528603]",-6.866460721270764,0.0078125,0.0703125
feedforward,8,"[-2.652288515610479, -0.902076534076869, 2.6249265743727523, -1.9055399703720113, 2.6147695809741265, -1.314517806671116, -0.2523532692836934, 0.5303996944503773]",-0.1570850307771141,0.8203125,1.0
initialization_only,8,"[0.8875131689791544, 7.433582824195419, 7.015211034075728, 2.722572120291211, 2.029057566561189, 1.704585514044659, 6.84195576597179, 3.199370995252247]",3.9792311236714246,0.0078125,0.0703125
momentum,8,"[-4.077426494336617, -2.115431578941566, -5.561014134090049, -6.876006884079404, -8.264243131139153, -4.542575780209324, -7.699419380012396, -3.196855227515428]",-5.291621576290492,0.0078125,0.0703125
no_budget,8,"[-0.028202763470858372, -0.2678344640309067, 0.08013419097132335, 0.16681363119661974, -0.2055390844432594, -0.17261982244438023, 0.36552698308580744, -0.09336696032309888]",-0.019386036182344135,0.7890625,1.0
no_gates,8,"[0.6166267868914126, 0.8926868033861872, 0.8758756563969197, 1.1126199003155222, 0.5025645637873808, 1.2599608013585026, -0.07490029659500408, 0.694894756489731]",0.7350411215038315,0.015625,0.0703125
official_celo2,8,"[-4.337594125098509, -2.359740892121483, -6.296663568536298, -6.8054485407550604, -10.114309504047307, -4.331505847624019, -7.511114961116463, -2.5283752767719534]",-5.535594089508887,0.0078125,0.0703125
reset_state,8,"[0.13121053163501095, 0.410740790435268, 0.2224270351725064, 0.4994274994481991, 0.05106592494718143, 0.3108450998434691, 0.7962771383306109, 0.0725167398104265]",0.31181384495283404,0.0078125,0.0703125
sgd,8,"[-0.2687193355056934, -0.040322035775785636, -0.5514844248512283, -1.405167715190812, -5.774584641031547, 0.34471896025348236, -4.341098777333752, 1.4383495245547593]",-1.324788555610072,0.203125,0.609375
