seed,method,value,actions,gradients,rollbacks
101,adamw,0.012241577289929386,128,128,0
101,learned_phase,0.04367221157681687,128,128,0
101,learned_with_rollback,0.04367221157681687,128,128,0
101,momentum,0.06158323284993575,128,128,0
101,random,0.1418418906803725,128,128,0
101,sgd,0.5118670681634461,128,128,0
211,adamw,0.02767180225690571,128,128,0
211,learned_phase,0.04225123619678831,128,128,0
211,learned_with_rollback,0.04225123619678831,128,128,0
211,momentum,0.08880872571568585,128,128,0
211,random,0.0907544487426501,128,128,0
211,sgd,0.7151524762471769,128,128,0
307,adamw,0.03426294452956739,128,128,0
307,learned_phase,0.026439999850536036,128,128,0
307,learned_with_rollback,0.022090911874329888,128,121,7
307,momentum,0.0834074649582022,128,128,0
307,random,0.12563022900000245,128,128,0
307,sgd,0.6898527075600072,128,128,0
401,adamw,0.023052981039386262,128,128,0
401,learned_phase,0.026735458756464395,128,128,0
401,learned_with_rollback,0.0466843505130809,128,114,14
401,momentum,0.05074119583244979,128,128,0
401,random,0.10690529992730805,128,128,0
401,sgd,0.5419878325941568,128,128,0
503,adamw,0.01797585496981206,128,128,0
503,learned_phase,0.025083168342376626,128,128,0
503,learned_with_rollback,0.06202847329081967,128,118,10
503,momentum,0.025562601797015867,128,128,0
503,random,0.08438325948781265,128,128,0
503,sgd,0.3986157177035654,128,128,0
601,adamw,0.02135627038947964,128,128,0
601,learned_phase,0.05151512386236457,128,128,0
601,learned_with_rollback,0.06428884153186813,128,125,3
601,momentum,0.0409488536790981,128,128,0
601,random,0.06770378178093026,128,128,0
601,sgd,0.4568850244917509,128,128,0
701,adamw,0.026836978429315993,128,128,0
701,learned_phase,0.03210413842497944,128,128,0
701,learned_with_rollback,0.051192830088333495,128,100,28
701,momentum,0.07819456095330928,128,128,0
701,random,0.0766999071294674,128,128,0
701,sgd,0.6041558075120753,128,128,0
809,adamw,0.01332088698559233,128,128,0
809,learned_phase,0.026421243145542048,128,128,0
809,learned_with_rollback,0.0479149789015964,128,93,35
809,momentum,0.06254696023949088,128,128,0
809,random,0.07150992862171003,128,128,0
809,sgd,0.3639293800431305,128,128,0
