method,seeds,primary_auc,sensitivity_auc,sensitivity_final_loss,sensitivity_accuracy,selected_upper_boundary,selected_lower_boundary
adamw,8,6.414486150844294,6.414486150844294,0.08130132887051003,0.9752604166666667,0,0
feedforward,8,13.123861841337943,16.399609326791307,0.21797539495140195,0.9270833333333333,7,0
full,8,13.280946872115056,,,,5,0
initialization_only,8,17.26017799578648,13.85077006859699,0.24510279012211783,0.9348958333333334,1,0
momentum,8,7.989325295824565,7.989325295824565,0.0733278307193872,0.9856770833333333,0,0
no_budget,8,13.261560835932713,,,,5,0
no_gates,8,14.01598799361889,12.015569439270772,0.30433264207477934,0.9388020833333333,8,0
reset_state,8,13.592760717067891,,,,6,0
sgd,8,11.956158316504986,11.956158316504986,0.3255215192920712,0.94140625,0,0
